{
    "Orders": {
        "Order 1": {
            "Start Time": 0.1881168,
            "End Time": 26.2018,
            "Total Time": 26.0136832
        },
        "Order 2": {
            "Start Time": 0.1884929,
            "End Time": 46.1897446,
            "Total Time": 46.0012517
        },
        "Order 3": {
            "Start Time": 7.1892817,
            "End Time": 36.1957263,
            "Total Time": 29.006444599999995
        },
        "Order 4": {
            "Start Time": 7.1899368,
            "End Time": 66.1945583,
            "Total Time": 59.0046215
        },
        "Order 5": {
            "Start Time": 14.1936843,
            "End Time": 56.2007471,
            "Total Time": 42.0070628
        },
        "Order 6": {
            "Start Time": 14.1941687,
            "End Time": 76.1995294,
            "Total Time": 62.005360700000004
        },
        "Order 7": {
            "Start Time": 21.199185,
            "End Time": 106.2052403,
            "Total Time": 85.0060553
        },
        "Order 8": {
            "Start Time": 21.2002655,
            "End Time": 86.2011543,
            "Total Time": 65.0008888
        },
        "Order 9": {
            "Start Time": 28.1886411,
            "End Time": 96.203764,
            "Total Time": 68.01512290000001
        },
        "Order 10": {
            "Start Time": 28.1890523,
            "End Time": 116.2070713,
            "Total Time": 88.018019
        },
        "Order 11": {
            "Start Time": 35.1934796,
            "End Time": 146.2132097,
            "Total Time": 111.01973009999999
        },
        "Order 12": {
            "Start Time": 35.1939729,
            "End Time": 126.2083256,
            "Total Time": 91.01435269999999
        },
        "Order 13": {
            "Start Time": 42.2020766,
            "End Time": 156.2148112,
            "Total Time": 114.01273460000002
        },
        "Order 14": {
            "Start Time": 42.202611,
            "End Time": 136.2095866,
            "Total Time": 94.0069756
        },
        "Order 15": {
            "Start Time": 49.2086087,
            "End Time": 166.2165441,
            "Total Time": 117.0079354
        },
        "Order 16": {
            "Start Time": 49.2095393,
            "End Time": 176.2175454,
            "Total Time": 127.0080061
        }
    },
    "TotalTime": 176,
    "AverageTime": 76
}