{
    "Orders": {
        "Order 1": {
            "Start Time": 0.1503467,
            "End Time": 64.1475429,
            "Total Time": 63.997196200000005
        },
        "Order 2": {
            "Start Time": 0.1506166,
            "End Time": 34.1605822,
            "Total Time": 34.0099656
        },
        "Order 3": {
            "Start Time": 7.152236,
            "End Time": 74.154839,
            "Total Time": 67.002603
        },
        "Order 4": {
            "Start Time": 7.1530367,
            "End Time": 44.1514989,
            "Total Time": 36.9984622
        },
        "Order 5": {
            "Start Time": 14.156653,
            "End Time": 54.1424955,
            "Total Time": 39.985842500000004
        },
        "Order 6": {
            "Start Time": 14.1573316,
            "End Time": 84.1460196,
            "Total Time": 69.988688
        },
        "Order 7": {
            "Start Time": 21.1633424,
            "End Time": 94.1493269,
            "Total Time": 72.9859845
        },
        "Order 8": {
            "Start Time": 21.1640216,
            "End Time": 104.1519936,
            "Total Time": 82.987972
        },
        "Order 9": {
            "Start Time": 28.1686537,
            "End Time": 114.1540346,
            "Total Time": 85.9853809
        },
        "Order 10": {
            "Start Time": 28.1694282,
            "End Time": 144.1600455,
            "Total Time": 115.9906173
        },
        "Order 11": {
            "Start Time": 35.1466866,
            "End Time": 134.1575951,
            "Total Time": 99.0109085
        },
        "Order 12": {
            "Start Time": 35.1468835,
            "End Time": 124.1556043,
            "Total Time": 89.00872079999999
        },
        "Order 13": {
            "Start Time": 42.1511176,
            "End Time": 174.164396,
            "Total Time": 132.01327840000002
        },
        "Order 14": {
            "Start Time": 42.1513046,
            "End Time": 194.1679353,
            "Total Time": 152.0166307
        },
        "Order 15": {
            "Start Time": 49.1534061,
            "End Time": 164.1627225,
            "Total Time": 115.0093164
        },
        "Order 16": {
            "Start Time": 49.1537364,
            "End Time": 154.1615807,
            "Total Time": 105.0078443
        },
        "Order 17": {
            "Start Time": 56.1432453,
            "End Time": 184.1659682,
            "Total Time": 128.02272290000002
        }
    },
    "TotalTime": 194,
    "AverageTime": 87
}