{
    "Orders": {
        "Order 1": {
            "Start Time": 0.1278042,
            "End Time": 30.1729465,
            "Total Time": 30.0451423
        },
        "Order 2": {
            "Start Time": 0.1286151,
            "End Time": 50.1865969,
            "Total Time": 50.0579818
        },
        "Order 3": {
            "Start Time": 7.130506,
            "End Time": 40.1774341,
            "Total Time": 33.0469281
        },
        "Order 4": {
            "Start Time": 7.1364002,
            "End Time": 70.1978598,
            "Total Time": 63.061459600000006
        },
        "Order 5": {
            "Start Time": 14.1504255,
            "End Time": 100.2060734,
            "Total Time": 86.0556479
        },
        "Order 6": {
            "Start Time": 14.1550685,
            "End Time": 60.1946478,
            "Total Time": 46.0395793
        },
        "Order 7": {
            "Start Time": 21.1571714,
            "End Time": 90.2140996,
            "Total Time": 69.0569282
        },
        "Order 8": {
            "Start Time": 21.1626979,
            "End Time": 80.2064258,
            "Total Time": 59.04372790000001
        },
        "Order 9": {
            "Start Time": 28.1587295,
            "End Time": 110.2111213,
            "Total Time": 82.05239180000001
        }
    },
    "TotalTime": 110,
    "AverageTime": 57
}