{
    "Orders": {
        "Order 1": {
            "Start Time": 0.08611512184143066,
            "End Time": 30.09297013282776,
            "Total Time": 30.006855010986328
        },
        "Order 2": {
            "Start Time": 0.08636116981506348,
            "End Time": 50.095195055007935,
            "Total Time": 50.00883388519287
        },
        "Order 3": {
            "Start Time": 7.08712100982666,
            "End Time": 40.094130992889404,
            "Total Time": 33.007009983062744
        },
        "Order 4": {
            "Start Time": 7.088149070739746,
            "End Time": 70.09869694709778,
            "Total Time": 63.01054787635803
        },
        "Order 5": {
            "Start Time": 14.08958125114441,
            "End Time": 90.10143709182739,
            "Total Time": 76.01185584068298
        },
        "Order 6": {
            "Start Time": 14.090255975723267,
            "End Time": 60.0980920791626,
            "Total Time": 46.00783610343933
        },
        "Order 7": {
            "Start Time": 21.09064507484436,
            "End Time": 80.09951710700989,
            "Total Time": 59.00887203216553
        },
        "Order 8": {
            "Start Time": 21.091012954711914,
            "End Time": 100.10157108306885,
            "Total Time": 79.01055812835693
        },
        "Order 9": {
            "Start Time": 28.092390060424805,
            "End Time": 110.10224390029907,
            "Total Time": 82.00985383987427
        }
    },
    "TotalTime": 110,
    "AverageTime": 58
}