{
    "Orders": {
        "Order 1": {
            "Start Time": 0.00812983512878418,
            "End Time": 30.026596784591675,
            "Total Time": 30.01846694946289
        },
        "Order 2": {
            "Start Time": 0.008475780487060547,
            "End Time": 50.03020000457764,
            "Total Time": 50.021724224090576
        },
        "Order 3": {
            "Start Time": 7.009130954742432,
            "End Time": 40.02857685089111,
            "Total Time": 33.01944589614868
        },
        "Order 4": {
            "Start Time": 7.0097739696502686,
            "End Time": 70.03159379959106,
            "Total Time": 63.021819829940796
        },
        "Order 5": {
            "Start Time": 14.010687828063965,
            "End Time": 90.03480696678162,
            "Total Time": 76.02411913871765
        },
        "Order 6": {
            "Start Time": 14.011265993118286,
            "End Time": 60.03152298927307,
            "Total Time": 46.020256996154785
        },
        "Order 7": {
            "Start Time": 21.01229476928711,
            "End Time": 80.03288173675537,
            "Total Time": 59.02058696746826
        },
        "Order 8": {
            "Start Time": 21.01280188560486,
            "End Time": 100.04385685920715,
            "Total Time": 79.0310549736023
        },
        "Order 9": {
            "Start Time": 28.013556957244873,
            "End Time": 110.03584480285645,
            "Total Time": 82.02228784561157
        }
    },
    "TotalTime": 110,
    "AverageTime": 58
}